{
  "train": {
    "rmse": 0.010009937523982571,
    "mae": 0.007147983909916845,
    "r2": -7.997289862560208e-06,
    "directional_accuracy": 0.5241843179923413,
    "pearson": -0.00862741906055974,
    "spearman": -0.001703827788050235
  },
  "val": {
    "rmse": 0.009143847721291882,
    "mae": 0.006828640810398872,
    "r2": -0.00041839470415228064,
    "directional_accuracy": 0.5079228839297504,
    "pearson": 0.006276524119376136,
    "spearman": 0.004868717191908464
  },
  "test": {
    "rmse": 0.012716452047215217,
    "mae": 0.008656672970496394,
    "r2": -0.008924676305181789,
    "directional_accuracy": 0.5679672542417641,
    "pearson": -0.013625494813018368,
    "spearman": -0.00874256929610393
  }
}