{
  "train": {
    "rmse": 0.009727953063304411,
    "mae": 0.0070350363108150704,
    "r2": 0.055539775822022186,
    "directional_accuracy": 0.5477256991055406,
    "pearson": 0.3009006966134698,
    "spearman": 0.21347350695043119
  },
  "val": {
    "rmse": 0.009256199601881466,
    "mae": 0.006916427347626166,
    "r2": -0.025154025214826792,
    "directional_accuracy": 0.5093754126502047,
    "pearson": 0.06285200523634177,
    "spearman": 0.019910637808621456
  },
  "test": {
    "rmse": 0.01771554054862687,
    "mae": 0.01433929976460754,
    "r2": -0.9581035060955088,
    "directional_accuracy": 0.4364560639070443,
    "pearson": -0.03128482821443857,
    "spearman": -0.03501863805353809
  }
}