{
  "train": {
    "accuracy": 0.5376365357713123,
    "f1_macro": 0.5079835948377366,
    "mcc": 0.29193372543805307,
    "precision_macro": 0.5598715950327924,
    "recall_macro": 0.5094440080674653
  },
  "val": {
    "accuracy": 0.41773405519609136,
    "f1_macro": 0.3775115949963375,
    "mcc": 0.0896230494259773,
    "precision_macro": 0.39459296331255816,
    "recall_macro": 0.38646777591110854
  },
  "test": {
    "accuracy": 0.38390440351224664,
    "f1_macro": 0.33614943696513117,
    "mcc": 0.0629304244202887,
    "precision_macro": 0.36327395234847654,
    "recall_macro": 0.3697391425681897
  }
}