{
  "train": {
    "accuracy": 0.9440998177167969,
    "f1_macro": 0.9454147147706181,
    "mcc": 0.9153806445535598,
    "precision_macro": 0.9445603073003678,
    "recall_macro": 0.946346965619408
  },
  "val": {
    "accuracy": 0.4125841806417536,
    "f1_macro": 0.39602178122649595,
    "mcc": 0.10250777469091006,
    "precision_macro": 0.3992597716757594,
    "recall_macro": 0.3968439816824567
  },
  "test": {
    "accuracy": 0.33887898593780946,
    "f1_macro": 0.32691854879552523,
    "mcc": 0.040743803083573726,
    "precision_macro": 0.35277661178402314,
    "recall_macro": 0.3566480686336641
  }
}