{
  "train": [
    0.0005471214192770683,
    0.0001013571990908861,
    9.443592500639769e-05,
    9.16865559648066e-05,
    8.865549511622044e-05,
    8.530908277945991e-05
  ],
  "val": [
    0.00012286019702357904,
    0.00011482502770452264,
    0.00020942769121924472,
    0.00012421008035603555,
    0.00014381247646611347,
    0.0001354611356264275
  ]
}