{
  "train": {
    "accuracy": 0.3991860843024488,
    "f1_macro": 0.19019918736134814,
    "mcc": 0.0,
    "precision_macro": 0.13306202810081627,
    "recall_macro": 0.3333333333333333
  },
  "val": {
    "accuracy": 0.41080153175755973,
    "f1_macro": 0.19412205166604268,
    "mcc": 0.0,
    "precision_macro": 0.1369338439191866,
    "recall_macro": 0.3333333333333333
  },
  "test": {
    "accuracy": 0.38542285601109133,
    "f1_macro": 0.185465808911127,
    "mcc": 0.0,
    "precision_macro": 0.12847428533703045,
    "recall_macro": 0.3333333333333333
  }
}