{
  "train": [
    0.0003912733196165616,
    9.614148263987063e-05,
    9.140522179129633e-05,
    8.978221288928945e-05,
    8.830697952530224e-05,
    8.667089507924063e-05,
    8.527623688861279e-05,
    8.360667781609214e-05
  ],
  "val": [
    0.00010333968508266908,
    9.300692496883308e-05,
    9.480119820071063e-05,
    9.619530109032656e-05,
    8.949338450094719e-05,
    9.455050636405032e-05,
    9.302599725551692e-05,
    9.902790016632698e-05
  ]
}