{
  "train": {
    "rmse": 0.009705679221401024,
    "mae": 0.007005122041572518,
    "r2": 0.05985983656271132,
    "directional_accuracy": 0.5731746951348754,
    "pearson": 0.5187596001038394,
    "spearman": 0.3801356119735346
  },
  "val": {
    "rmse": 0.009102253402173084,
    "mae": 0.006809332218834825,
    "r2": 0.00866248234922451,
    "directional_accuracy": 0.5163739601214842,
    "pearson": 0.09314971674182207,
    "spearman": 0.05326029923116053
  },
  "test": {
    "rmse": 0.01315874033554736,
    "mae": 0.009254315160196131,
    "r2": -0.08032757704362203,
    "directional_accuracy": 0.43790849673202614,
    "pearson": 0.0010954614626046532,
    "spearman": -0.00542514464595611
  }
}