{
  "horizon": 4,
  "fold_size": 720,
  "n_features": 62,
  "initial_train_cutoff": "2023-09-05 00:00:00+00:00",
  "variants": {
    "sliding_24m": {
      "train_window": 12096,
      "models": {
        "moirai": {
          "model_id": "Salesforce/moirai-1.1-R-large",
          "context_length": 512,
          "n_folds": 21,
          "n_predictions": 15120,
          "metrics": {
            "mse": 2.695788046002875e-05,
            "rmse": 0.005192097886214084,
            "mae": 0.0034115787972709877,
            "mape": 2.777328144803952,
            "r2": -0.10775178751587688,
            "directional_accuracy": 0.5046296296296297,
            "pearson": 0.025140853572332693,
            "spearman": 0.011248725349953031,
            "bias": -0.000140092476263686
          },
          "sharpe": {
            "mean": 7.747209934379116e-05,
            "std": 0.004938186818658188,
            "sharpe_annual": 0.6100335272590955,
            "win_rate": 0.5048299589784306,
            "n_trades": 15120
          },
          "figures": {
            "pred_vs_actual_scatter": "reports/figures/walkforward/moirai_wf_sliding_24m_h4_scatter.png",
            "pred_vs_actual_ts": "reports/figures/walkforward/moirai_wf_sliding_24m_h4_ts.png",
            "returns_scatter": "reports/figures/walkforward/moirai_wf_sliding_24m_h4_returns.png",
            "residuals_histogram": "reports/figures/walkforward/moirai_wf_sliding_24m_h4_residuals_hist.png",
            "residuals_over_time": "reports/figures/walkforward/moirai_wf_sliding_24m_h4_residuals_ts.png",
            "monthly_dir_acc": "reports/figures/walkforward/moirai_wf_sliding_24m_h4_monthly_diracc.png"
          }
        }
      }
    },
    "sliding_6m": {
      "train_window": 3024,
      "models": {
        "moirai": {
          "model_id": "Salesforce/moirai-1.1-R-large",
          "context_length": 512,
          "n_folds": 21,
          "n_predictions": 15120,
          "metrics": {
            "mse": 2.653712310288721e-05,
            "rmse": 0.005151419523091398,
            "mae": 0.003406851171650825,
            "mape": 2.593736039585165,
            "r2": -0.09046204861466456,
            "directional_accuracy": 0.5061507936507936,
            "pearson": 0.047593346388737745,
            "spearman": 0.016548338211012526,
            "bias": -0.00012771148319355618
          },
          "sharpe": {
            "mean": 9.628078509221614e-05,
            "std": 0.004937855910470478,
            "sharpe_annual": 0.758188347819571,
            "win_rate": 0.5063517268757444,
            "n_trades": 15120
          },
          "figures": {
            "pred_vs_actual_scatter": "reports/figures/walkforward/moirai_wf_sliding_6m_h4_scatter.png",
            "pred_vs_actual_ts": "reports/figures/walkforward/moirai_wf_sliding_6m_h4_ts.png",
            "returns_scatter": "reports/figures/walkforward/moirai_wf_sliding_6m_h4_returns.png",
            "residuals_histogram": "reports/figures/walkforward/moirai_wf_sliding_6m_h4_residuals_hist.png",
            "residuals_over_time": "reports/figures/walkforward/moirai_wf_sliding_6m_h4_residuals_ts.png",
            "monthly_dir_acc": "reports/figures/walkforward/moirai_wf_sliding_6m_h4_monthly_diracc.png"
          }
        }
      }
    },
    "expanding": {
      "train_window": null,
      "models": {
        "moirai": {
          "model_id": "Salesforce/moirai-1.1-R-large",
          "context_length": 512,
          "n_folds": 21,
          "n_predictions": 15120,
          "metrics": {
            "mse": 2.7343072131419153e-05,
            "rmse": 0.00522906034880256,
            "mae": 0.0034289956216749843,
            "mape": 2.6642071072338793,
            "r2": -0.12358006315318537,
            "directional_accuracy": 0.5046296296296297,
            "pearson": -0.00435161201188974,
            "spearman": -0.003840304787881777,
            "bias": -0.00015204027371867944
          },
          "sharpe": {
            "mean": -1.2246118806002485e-05,
            "std": 0.004938779304111534,
            "sharpe_annual": -0.09641725089136223,
            "win_rate": 0.5048299589784306,
            "n_trades": 15120
          },
          "figures": {
            "pred_vs_actual_scatter": "reports/figures/walkforward/moirai_wf_expanding_h4_scatter.png",
            "pred_vs_actual_ts": "reports/figures/walkforward/moirai_wf_expanding_h4_ts.png",
            "returns_scatter": "reports/figures/walkforward/moirai_wf_expanding_h4_returns.png",
            "residuals_histogram": "reports/figures/walkforward/moirai_wf_expanding_h4_residuals_hist.png",
            "residuals_over_time": "reports/figures/walkforward/moirai_wf_expanding_h4_residuals_ts.png",
            "monthly_dir_acc": "reports/figures/walkforward/moirai_wf_expanding_h4_monthly_diracc.png"
          }
        }
      }
    }
  }
}